ds,yhat,Category
2024-03-05,218.34531134134653,Bakery
2024-03-07,202.44070195701775,Bakery
2024-03-09,261.72308627831876,Bakery
2024-03-18,189.0771230063463,Bakery
2024-03-21,201.272545164005,Bakery
2024-03-26,216.59188610045183,Bakery
2024-03-27,203.59147915871137,Bakery
2024-03-28,200.68680069747,Bakery
2024-03-29,271.0877088938142,Bakery
2024-04-02,216.00614163543867,Bakery
2024-04-15,186.73485917534416,Bakery
2024-04-17,201.83424576615053,Bakery
2024-04-19,269.3304755024121,Bakery
2024-04-20,258.21147560917103,Bakery
2024-04-21,165.12617457184564,Bakery
2024-04-25,198.3438228430419,Bakery
2024-05-08,200.07701237576669,Bakery
2024-05-12,163.36894117976615,Bakery
2024-05-15,199.4912679090137,Bakery
2024-05-16,196.58658944685772,Bakery
2024-05-23,196.00084498333905,Bakery
2024-05-25,255.28275328659097,Bakery
2024-06-03,182.63464792765325,Bakery
2024-06-05,197.7340345175405,Bakery
2024-06-14,264.64451978370545,Bakery
2024-06-16,160.44021885134006,Bakery
2024-06-20,193.65786711677356,Bakery
2024-06-27,193.0721226436423,Bakery
2024-06-29,252.35403094250773,Bakery
2024-07-02,208.3914635719475,Bakery
2024-07-05,262.88728635914777,Bakery
2024-07-07,158.68298542339107,Bakery
2024-07-09,207.80571909039472,Bakery
2024-07-11,191.90063368183516,Bakery
2024-07-16,207.21997460195254,Bakery
2024-07-19,261.7157973850512,Bakery
2024-07-27,250.01105300030935,Bakery
2024-07-29,177.94869209795561,Bakery
2024-08-02,260.54430840661297,Bakery
2024-08-22,188.38616673658882,Bakery
2024-09-01,153.99702949726407,Bakery
2024-09-12,186.62893326437495,Bakery
2024-10-06,151.0683070518785,Bakery
2024-10-10,184.2859553116698,Bakery
2024-10-11,254.68686350546955,Bakery
2024-10-14,171.50550270657598,Bakery
2024-10-19,242.9821191216334,Bakery
2024-11-03,148.7253290965632,Bakery
2024-11-04,169.74826923482837,Bakery
2024-11-07,181.94297735029642,Bakery
2024-11-10,148.13958460284215,Bakery
2024-11-13,184.2619113204982,Bakery
2024-11-27,183.09042232639095,Bakery
2024-12-07,238.88190766303404,Bakery
2024-12-10,194.91934028633867,Bakery
2024-12-13,249.41516306795359,Bakery
2024-12-16,166.23380226671358,Bakery
2024-12-19,178.42851038290905,Bakery
2024-12-21,237.71041867759277,Bakery
2025-01-04,236.538929692416,Bakery
2025-01-07,192.57636231562853,Bakery
2025-01-10,247.07218509745877,Bakery
2025-01-28,190.81912883761692,Bakery
2025-02-05,177.2329773996193,Bakery
2025-02-06,174.32829893427697,Bakery
2025-02-11,189.64763985225397,Bakery
2025-02-18,189.0618953595712,Bakery
2025-02-19,176.0614884142387,Bakery
2025-02-20,173.15680994903195,Bakery
2025-02-21,243.5577181411539,Bakery
2025-02-22,232.43871824363612,Bakery
2025-02-23,139.35341720202456,Bakery
2025-02-24,160.3763573401313,Bakery
2025-02-25,188.4761508669068,Bakery
2025-02-26,175.47574392156815,Bakery
2025-02-27,172.5710654561349,Bakery
2025-02-28,242.9719736485024,Bakery
2025-03-01,231.85297375086805,Bakery
2025-03-02,138.76767270933408,Bakery
2025-03-03,159.7906128472872,Bakery
2025-03-04,187.89040637420823,Bakery
2025-03-05,174.88999942881864,Bakery
2025-03-06,171.9853209635124,Bakery
2025-03-07,242.38622915590648,Bakery
2025-03-08,231.2672292581474,Bakery
2025-03-09,138.18192821664354,Bakery
2025-03-10,159.20486835464678,Bakery
2025-03-11,187.30466188154386,Bakery
2025-03-12,174.30425493614808,Bakery
2025-03-13,171.3995764708371,Bakery
2025-03-14,241.80048466325493,Bakery
2025-03-15,230.68148476573873,Bakery
2025-03-16,137.59618372389335,Bakery
2025-03-17,158.6191238620191,Bakery
2025-03-18,186.71891738886106,Bakery
2025-03-19,173.71851044343805,Bakery
2025-03-20,170.8138319780456,Bakery
2024-02-25,199.4059445672258,Beverages
2024-02-29,191.41167985119773,Beverages
2024-03-04,234.6606136849292,Beverages
2024-03-07,191.04054519060065,Beverages
2024-03-12,176.99672880944394,Beverages
2024-03-15,206.08577647168028,Beverages
2024-03-18,233.91834436280854,Beverages
2024-03-22,205.71464180989426,Beverages
2024-03-27,178.77590720957124,Beverages
2024-03-29,205.34350714855915,Beverages
2024-03-31,197.55027126155122,Beverages
2024-04-02,175.88332482406932,Beverages
2024-04-05,204.97237248568456,Beverages
2024-04-06,185.50806016886656,Beverages
2024-04-08,232.80494037638377,Beverages
2024-04-16,175.14105549840585,Beverages
2024-04-30,174.39878617305945,Beverages
2024-05-05,195.69459794713669,Beverages
2024-05-12,195.3234632835808,Beverages
2024-05-28,172.91424751782657,Beverages
2024-05-29,175.4356952408945,Beverages
2024-06-17,229.09359373828278,Beverages
2024-06-24,228.72245907318836,Beverages
2024-06-26,173.9511565806136,Beverages
2024-06-30,192.72552063102458,Beverages
2024-07-06,180.68330953703813,Beverages
2024-07-08,227.9801897443264,Beverages
2024-07-21,191.61211663969158,Beverages
2024-07-23,169.94517020235764,Beverages
2024-07-27,179.5699055474632,Beverages
2024-08-02,198.66308320097875,Beverages
2024-08-10,178.82763622100495,Beverages
2024-08-18,190.12757798760953,Beverages
2024-08-23,197.5496792116836,Beverages
2024-08-24,178.08536689490555,Beverages
2024-09-05,181.39104394521587,Beverages
2024-09-08,189.01417400005917,Beverages
2024-09-11,169.8686752856403,Beverages
2024-09-15,188.64303933666346,Beverages
2024-10-05,175.85855891699623,Beverages
2024-10-14,222.78430446106418,Beverages
2024-10-17,179.16423596574583,Beverages
2024-10-18,194.58060190746022,Beverages
2024-10-19,175.1162895907926,Beverages
2024-10-26,174.7451549287541,Beverages
2024-11-01,193.83833258339143,Beverages
2024-11-05,164.37815025949934,Beverages
2024-11-13,166.52846332079656,Beverages
2024-11-15,193.09606325971188,Beverages
2024-11-17,185.30282737308528,Beverages
2024-11-22,192.72492859815364,Beverages
2024-11-25,220.55749648940963,Beverages
2024-11-28,176.93742799471443,Beverages
2024-12-05,176.5662933344335,Beverages
2024-12-06,191.98265927653023,Beverages
2024-12-08,184.1894233903626,Beverages
2024-12-10,162.52247695359276,Beverages
2024-12-11,165.04392467706435,Beverages
2024-12-24,161.78020763134938,Beverages
2024-12-26,175.45288935176643,Beverages
2024-12-27,190.86925529366687,Beverages
2024-12-28,171.40494297710833,Beverages
2024-12-29,183.07601940699277,Beverages
2024-12-30,218.70182318506212,Beverages
2025-01-04,171.0338083159592,Beverages
2025-01-06,218.3306885239226,Beverages
2025-01-07,161.03793830892442,Beverages
2025-01-09,174.71062002929702,Beverages
2025-01-23,173.96835070694632,Beverages
2025-01-26,181.59148076238614,Beverages
2025-01-28,159.92453432528959,Beverages
2025-02-03,216.84614987917453,Beverages
2025-02-04,159.55339966425868,Beverages
2025-02-05,162.0748473875738,Beverages
2025-02-06,173.2260813846599,Beverages
2025-02-07,188.64244732671696,Beverages
2025-02-08,169.17813501007493,Beverages
2025-02-09,180.84921144004906,Beverages
2025-02-10,216.47501521799606,Beverages
2025-02-11,159.18226500304348,Beverages
2025-02-12,161.70371272639565,Beverages
2025-02-13,172.85494672345243,Beverages
2025-02-14,188.27131266550512,Beverages
2025-02-15,168.80700034882904,Beverages
2025-02-16,180.47807677880357,Beverages
2025-02-17,216.10388055681756,Beverages
2025-02-18,158.81113034183366,Beverages
2025-02-19,161.3325780652517,Beverages
2025-02-20,172.48381206237343,Beverages
2025-02-21,187.90017800428802,Beverages
2025-02-22,168.43586568774873,Beverages
2025-02-23,180.10694211763507,Beverages
2025-02-24,215.73274589560006,Beverages
2025-02-25,158.4399956806212,Beverages
2025-02-26,160.9614434041077,Beverages
2025-02-27,172.11267740104728,Beverages
2025-02-28,187.52904334307618,Beverages
2025-03-01,168.06473102650284,Beverages
2025-03-02,179.7358074565341,Beverages
2025-03-03,215.36161123450444,Beverages
2025-03-04,158.0688610195876,Beverages
2025-03-05,160.5903087428954,Beverages
2024-02-27,303.2291927665914,Dairy
2024-02-28,243.66172364728493,Dairy
2024-03-04,261.4189654344074,Dairy
2024-03-08,278.7342550157774,Dairy
2024-03-09,306.92661708781,Dairy
2024-03-10,247.18101035645137,Dairy
2024-03-22,276.4235733031882,Dairy
2024-03-27,239.040360024431,Dairy
2024-03-31,243.7149878243541,Dairy
2024-04-01,256.7976019350233,Dairy
2024-04-03,237.88501918282705,Dairy
2024-04-05,274.11289161935747,Dairy
2024-04-08,255.64226109854266,Dairy
2024-04-10,236.72967834630413,Dairy
2024-04-11,228.61778433947157,Dairy
2024-04-12,272.9575507789303,Dairy
2024-04-13,301.1499128746676,Dairy
2024-04-16,295.14180659141437,Dairy
2024-04-17,235.57433749366328,Dairy
2024-04-18,227.46244348484134,Dairy
2024-04-19,271.80220992203954,Dairy
2024-04-21,240.24896528166323,Dairy
2024-04-22,253.33157960472215,Dairy
2024-04-24,234.41899727480882,Dairy
2024-04-25,226.30710348128315,Dairy
2024-04-28,239.0936259241591,Dairy
2024-04-29,252.17624024705057,Dairy
2024-04-30,292.8311268177987,Dairy
2024-05-06,251.0209010155165,Dairy
2024-05-10,268.3361916168969,Dairy
2024-05-12,236.78294744292532,Dairy
2024-05-13,249.8655617723022,Dairy
2024-05-23,221.68574635580998,Dairy
2024-05-24,266.0255130151375,Dairy
2024-05-27,247.55488314724275,Dairy
2024-05-28,288.209769706299,Dairy
2024-05-29,228.6423008302797,Dairy
2024-05-30,220.5304070430008,Dairy
2024-06-01,293.06253601748546,Dairy
2024-06-02,233.31692950488392,Dairy
2024-06-03,246.39954383477186,Dairy
2024-06-04,287.05443039454224,Dairy
2024-06-09,232.16159019668652,Dairy
2024-06-15,290.75185740042025,Dairy
2024-06-17,244.08886547026546,Dairy
2024-06-19,225.17628340641582,Dairy
2024-06-20,217.06438974572308,Dairy
2024-06-23,229.85091258734843,Dairy
2024-06-26,224.0209449796556,Dairy
2024-07-05,259.09347967885486,Dairy
2024-07-14,226.38489730875247,Dairy
2024-07-19,256.7828028266674,Dairy
2024-07-20,284.9751652719067,Dairy
2024-07-26,255.6274644229379,Dairy
2024-07-28,224.0742204855543,Dairy
2024-07-29,237.15683494491208,Dairy
2024-07-31,218.24425288776592,Dairy
2024-08-02,254.4721260421112,Dairy
2024-08-06,276.6563832980583,Dairy
2024-08-14,215.93357623886038,Dairy
2024-08-15,207.82168259298325,Dairy
2024-08-18,220.60820545674065,Dairy
2024-08-20,274.34570661294157,Dairy
2024-08-21,214.77823787082636,Dairy
2024-08-26,232.535481544676,Dairy
2024-08-27,273.1903682349739,Dairy
2024-09-07,276.88779667663493,Dairy
2024-09-08,217.14219029523568,Dairy
2024-09-10,270.8796914459275,Dairy
2024-09-11,211.31222269643507,Dairy
2024-09-13,247.54009582210168,Dairy
2024-09-21,274.5771198386043,Dairy
2024-09-23,227.91412790872377,Dairy
2024-09-27,245.2294189709209,Dairy
2024-10-01,267.41367621110635,Dairy
2024-10-02,207.8462074723385,Dairy
2024-10-03,199.73431382254972,Dairy
2024-10-09,206.69086912072888,Dairy
2024-10-13,211.36549833331662,Dairy
2024-10-15,265.10299949067286,Dairy
2024-10-22,263.9476611192182,Dairy
2024-10-25,240.60806551867972,Dairy
2024-10-27,209.05482160806193,Dairy
2024-10-29,262.7923227828722,Dairy
2024-11-05,261.6369844728261,Dairy
2024-11-06,202.06951574001803,Dairy
2024-11-08,238.29738889848358,Dairy
2024-11-09,266.48975137459195,Dairy
2024-11-11,219.82675951254683,Dairy
2024-11-14,192.80228389026325,Dairy
2024-11-16,265.334413186181,Dairy
2024-11-18,218.67142130814696,Dairy
2024-11-22,235.98671247390027,Dairy
2024-11-23,264.17907494205826,Dairy
2024-11-27,198.60350105260085,Dairy
2024-11-30,263.02373667010534,Dairy
2024-12-03,257.015631475965,Dairy
2024-12-04,197.44816274331535,Dairy
2024-12-08,202.122791991595,Dairy
2024-12-12,188.18093040242343,Dairy
2024-12-14,260.7130594698118,Dairy
2024-12-15,200.96745300366402,Dairy
2024-12-17,254.70495398480733,Dairy
2024-12-19,187.0255914144601,Dairy
2024-12-21,259.5577204549634,Dairy
2024-12-23,212.8947283377163,Dairy
2024-12-27,230.2100190247108,Dairy
2024-12-29,198.65677489368397,Dairy
2025-01-02,184.71491322158715,Dairy
2025-01-03,229.0546799064019,Dairy
2025-01-04,257.24704224758693,Dairy
2025-01-05,197.5014357606906,Dairy
2025-01-06,210.5840501156727,Dairy
2025-01-09,183.55957408856986,Dairy
2025-01-11,256.09170311467693,Dairy
2025-01-17,226.74400164066688,Dairy
2025-01-18,254.9363639816196,Dairy
2025-01-19,195.1907574948295,Dairy
2025-01-20,208.2733718497417,Dairy
2025-01-21,248.92825843449742,Dairy
2025-01-26,194.035418361899,Dairy
2025-01-28,247.77291930163852,Dairy
2025-01-30,180.09355668987513,Dairy
2025-01-31,224.43332337465074,Dairy
2025-02-01,252.62568571590586,Dairy
2025-02-03,205.96269358400926,Dairy
2025-02-07,223.27798424175757,Dairy
2025-02-08,251.47034658299583,Dairy
2025-02-09,191.72474009603783,Dairy
2025-02-10,204.80735445111097,Dairy
2025-02-12,185.8947721855334,Dairy
2025-02-13,177.78287842407767,Dairy
2025-02-15,250.3150074500858,Dairy
2025-02-19,184.73943305259036,Dairy
2025-02-21,220.9673059757928,Dairy
2025-02-22,249.15966831707755,Dairy
2025-02-23,189.41406183025228,Dairy
2025-02-24,202.4966761853785,Dairy
2025-02-25,243.1515627699606,Dairy
2025-02-26,183.5840939196474,Dairy
2025-02-27,175.47220015816308,Dairy
2025-02-28,219.81196684292536,Dairy
2025-03-01,248.00432918416752,Dairy
2025-03-02,188.25872269725892,Dairy
2025-03-03,201.34133705221763,Dairy
2025-03-04,241.99622363707002,Dairy
2025-03-05,182.42875478664274,Dairy
2025-03-06,174.31686102526584,Dairy
2025-03-07,218.6566277100321,Dairy
2025-03-08,246.84899005120838,Dairy
2025-03-09,187.10338356426553,Dairy
2025-03-10,200.18599791938342,Dairy
2025-03-11,240.84088450415845,Dairy
2025-03-12,181.27341565369977,Dairy
2025-03-13,173.16152189236564,Dairy
2025-03-14,217.50128857716464,Dairy
2025-03-15,245.6936509184047,Dairy
2025-03-16,185.94804443139782,Dairy
2025-03-17,199.0306587864211,Dairy
2025-03-18,239.68554537119425,Dairy
2025-03-19,180.118076520726,Dairy
2025-03-20,172.0061827593512,Dairy
2025-03-21,216.34594944427144,Dairy
2025-03-22,244.53831178544556,Dairy
2025-03-23,184.79270529840443,Dairy
2024-02-26,288.2700121645611,Fruits & Vegetables
2024-02-28,295.7589548461061,Fruits & Vegetables
2024-02-29,263.1214739060176,Fruits & Vegetables
2024-03-01,297.5070676687031,Fruits & Vegetables
2024-03-02,278.36394592124554,Fruits & Vegetables
2024-03-04,287.0977562452709,Fruits & Vegetables
2024-03-06,294.58669892698464,Fruits & Vegetables
2024-03-08,296.3348117494936,Fruits & Vegetables
2024-03-10,300.1310833397629,Fruits & Vegetables
2024-03-11,285.9255003221936,Fruits & Vegetables
2024-03-12,306.586307630589,Fruits & Vegetables
2024-03-13,293.4144430011911,Fruits & Vegetables
2024-03-16,276.0194340724455,Fruits & Vegetables
2024-03-17,298.9588274114112,Fruits & Vegetables
2024-03-18,284.75324439388334,Fruits & Vegetables
2024-03-20,292.24218707297166,Fruits & Vegetables
2024-03-21,259.6047061317895,Fruits & Vegetables
2024-03-23,274.84717814455723,Fruits & Vegetables
2024-03-24,297.78657148365124,Fruits & Vegetables
2024-03-26,304.24179577472415,Fruits & Vegetables
2024-03-27,291.06993114525545,Fruits & Vegetables
2024-03-29,292.81804396548654,Fruits & Vegetables
2024-03-30,273.6749221994369,Fruits & Vegetables
2024-03-31,296.61431552114925,Fruits & Vegetables
2024-04-03,289.8976751304816,Fruits & Vegetables
2024-04-04,257.26019417183994,Fruits & Vegetables
2024-04-05,291.6457879159099,Fruits & Vegetables
2024-04-06,272.5026661498311,Fruits & Vegetables
2024-04-07,295.44205947153654,Fruits & Vegetables
2024-04-08,281.23647642527186,Fruits & Vegetables
2024-04-09,301.89728370473847,Fruits & Vegetables
2024-04-11,256.08793807656525,Fruits & Vegetables
2024-04-14,294.2698033419545,Fruits & Vegetables
2024-04-15,280.0642202955779,Fruits & Vegetables
2024-04-17,287.5531629169584,Fruits & Vegetables
2024-04-20,270.15815390200004,Fruits & Vegetables
2024-04-26,288.1290195498301,Fruits & Vegetables
2024-04-27,268.98589775280556,Fruits & Vegetables
2024-05-01,285.2086505598899,Fruits & Vegetables
2024-05-02,252.57116957024198,Fruits & Vegetables
2024-05-03,286.95676328332115,Fruits & Vegetables
2024-05-04,267.8136414862292,Fruits & Vegetables
2024-05-08,284.0363942933268,Fruits & Vegetables
2024-05-09,251.3989133037319,Fruits & Vegetables
2024-05-11,266.641385214693,Fruits & Vegetables
2024-05-13,275.37519543461076,Fruits & Vegetables
2024-05-15,282.8641380117478,Fruits & Vegetables
2024-05-16,250.22665701968072,Fruits & Vegetables
2024-05-18,265.4691289307195,Fruits & Vegetables
2024-05-19,288.4085222189285,Fruits & Vegetables
2024-05-21,294.86374640812585,Fruits & Vegetables
2024-05-22,281.69188171398844,Fruits & Vegetables
2024-05-23,249.05440070797363,Fruits & Vegetables
2024-05-24,283.43999440466195,Fruits & Vegetables
2024-05-25,264.29687259116633,Fruits & Vegetables
2024-05-26,287.23626586545976,Fruits & Vegetables
2024-05-27,273.03068278319097,Fruits & Vegetables
2024-05-30,247.8821443266883,Fruits & Vegetables
2024-06-02,286.06400960138177,Fruits & Vegetables
2024-06-04,292.51923384088144,Fruits & Vegetables
2024-06-05,279.3473691858729,Fruits & Vegetables
2024-06-07,281.0954819546052,Fruits & Vegetables
2024-06-08,261.9523601802261,Fruits & Vegetables
2024-06-09,284.89175349362904,Fruits & Vegetables
2024-06-10,270.6861704503737,Fruits & Vegetables
2024-06-11,291.3469777250883,Fruits & Vegetables
2024-06-12,278.1751130620212,Fruits & Vegetables
2024-06-13,245.53763208681343,Fruits & Vegetables
2024-06-14,279.9232258144666,Fruits & Vegetables
2024-06-15,260.7801040320347,Fruits & Vegetables
2024-06-16,283.7194973372726,Fruits & Vegetables
2024-06-20,244.36537592250457,Fruits & Vegetables
2024-06-22,259.6078477087509,Fruits & Vegetables
2024-06-24,268.34165780388577,Fruits & Vegetables
2024-06-25,289.00246499914397,Fruits & Vegetables
2024-06-30,281.3749842140325,Fruits & Vegetables
2024-07-03,274.65834353582125,Fruits & Vegetables
2024-07-04,242.02086248138238,Fruits & Vegetables
2024-07-06,257.2633342676608,Fruits & Vegetables
2024-07-08,265.9971444045344,Fruits & Vegetables
2024-07-09,286.65795162041354,Fruits & Vegetables
2024-07-10,273.48608689874254,Fruits & Vegetables
2024-07-11,240.84860586501375,Fruits & Vegetables
2024-07-12,275.23419953408865,Fruits & Vegetables
2024-07-13,256.0910776929946,Fruits & Vegetables
2024-07-15,264.8248878297451,Fruits & Vegetables
2024-07-16,285.4856950488548,Fruits & Vegetables
2024-07-18,239.6763492998089,Fruits & Vegetables
2024-07-20,254.9188211340043,Fruits & Vegetables
2024-07-21,277.85821438381004,Fruits & Vegetables
2024-07-22,263.6526312770538,Fruits & Vegetables
2024-07-23,284.3134384962145,Fruits & Vegetables
2024-07-25,238.50409274714409,Fruits & Vegetables
2024-07-26,272.8896864192103,Fruits & Vegetables
2024-07-27,253.74656458999203,Fruits & Vegetables
2024-07-28,276.68595784854597,Fruits & Vegetables
2024-07-29,262.4803747503979,Fruits & Vegetables
2024-07-30,283.1411819783014,Fruits & Vegetables
2024-07-31,269.9693172684553,Fruits & Vegetables
2024-08-01,237.3318362465749,Fruits & Vegetables
2024-08-05,261.30811825857774,Fruits & Vegetables
2024-08-07,268.7970607860723,Fruits & Vegetables
2024-08-08,236.15957976893125,Fruits & Vegetables
2024-08-09,270.54517345447624,Fruits & Vegetables
2024-08-10,251.4020516298959,Fruits & Vegetables
2024-08-11,274.3414448931233,Fruits & Vegetables
2024-08-13,280.79666903221874,Fruits & Vegetables
2024-08-14,267.62480432701653,Fruits & Vegetables
2024-08-15,234.98732330868592,Fruits & Vegetables
2024-08-18,273.16918842908046,Fruits & Vegetables
2024-08-19,258.9636053345099,Fruits & Vegetables
2024-08-23,268.2006605251258,Fruits & Vegetables
2024-08-26,257.7913488666194,Fruits & Vegetables
2024-08-27,278.45215609788596,Fruits & Vegetables
2024-08-28,265.280291391261,Fruits & Vegetables
2024-08-30,267.0284040328091,Fruits & Vegetables
2024-08-31,247.88528219470948,Fruits & Vegetables
2024-09-01,270.82467544443114,Fruits & Vegetables
2024-09-03,277.2798995565089,Fruits & Vegetables
2024-09-04,264.10803483776533,Fruits & Vegetables
2024-09-06,265.85614747918714,Fruits & Vegetables
2024-09-07,246.7130256411074,Fruits & Vegetables
2024-09-09,255.44683578724542,Fruits & Vegetables
2024-09-10,276.10764300791334,Fruits & Vegetables
2024-09-11,262.9357782907748,Fruits & Vegetables
2024-09-12,230.29829726189743,Fruits & Vegetables
2024-09-15,268.48016235057264,Fruits & Vegetables
2024-09-16,254.2745792454203,Fruits & Vegetables
2024-09-17,274.9353864661391,Fruits & Vegetables
2024-09-18,261.7635217370242,Fruits & Vegetables
2024-09-23,253.1023226315347,Fruits & Vegetables
2024-09-24,273.76312984036633,Fruits & Vegetables
2024-09-25,260.5912651111738,Fruits & Vegetables
2024-09-29,266.1356491228874,Fruits & Vegetables
2024-09-30,251.93006600561966,Fruits & Vegetables
2024-10-01,272.59087321448516,Fruits & Vegetables
2024-10-02,259.41900849696714,Fruits & Vegetables
2024-10-03,226.78152746763422,Fruits & Vegetables
2024-10-07,250.75780944974954,Fruits & Vegetables
2024-10-08,271.4186166701099,Fruits & Vegetables
2024-10-10,225.6092709232639,Fruits & Vegetables
2024-10-12,240.8517427599091,Fruits & Vegetables
2024-10-14,249.5855529053403,Fruits & Vegetables
2024-10-16,257.07363899499995,Fruits & Vegetables
2024-10-18,258.8208952255773,Fruits & Vegetables
2024-10-20,262.6163102264361,Fruits & Vegetables
2024-10-22,269.0706779278472,Fruits & Vegetables
2024-10-24,223.26047576770657,Fruits & Vegetables
2024-10-27,261.4410562352445,Fruits & Vegetables
2024-10-28,247.2350449229595,Fruits & Vegetables
2024-10-29,267.89542393664505,Fruits & Vegetables
2024-10-31,222.08522158766425,Fruits & Vegetables
2024-11-03,260.2658017719617,Fruits & Vegetables
2024-11-05,266.720169284549,Fruits & Vegetables
2024-11-08,255.2951323077083,Fruits & Vegetables
2024-11-10,259.0905471197073,Fruits & Vegetables
2024-11-14,219.73471228333557,Fruits & Vegetables
2024-11-17,257.9152924675654,Fruits & Vegetables
2024-11-18,243.70928070456992,Fruits & Vegetables
2024-11-19,264.3696592675245,Fruits & Vegetables
2024-11-24,256.7400353212993,Fruits & Vegetables
2024-11-25,242.5340235582944,Fruits & Vegetables
2024-11-26,263.1944021211915,Fruits & Vegetables
2024-11-27,250.02210874627022,Fruits & Vegetables
2024-11-28,217.38419905958986,Fruits & Vegetables
2024-11-29,251.7693640844123,Fruits & Vegetables
2024-12-01,255.5647782014716,Fruits & Vegetables
2024-12-02,241.35876644728347,Fruits & Vegetables
2024-12-04,248.84685165306146,Fruits & Vegetables
2024-12-06,250.59410699990894,Fruits & Vegetables
2024-12-08,254.38952111703776,Fruits & Vegetables
2024-12-11,247.6715945684765,Fruits & Vegetables
2024-12-12,215.03368488646447,Fruits & Vegetables
2024-12-13,249.41884990712347,Fruits & Vegetables
2024-12-14,230.27529941767557,Fruits & Vegetables
2024-12-15,253.2142640159784,Fruits & Vegetables
2024-12-16,239.00825225774724,Fruits & Vegetables
2024-12-18,246.49633745511701,Fruits & Vegetables
2024-12-19,213.85842777315813,Fruits & Vegetables
2024-12-21,229.10004189092294,Fruits & Vegetables
2024-12-22,252.03900628251378,Fruits & Vegetables
2024-12-23,237.8329943175431,Fruits & Vegetables
2024-12-24,258.49337267848733,Fruits & Vegetables
2024-12-25,245.32107910158769,Fruits & Vegetables
2024-12-26,212.68316921282903,Fruits & Vegetables
2024-12-27,247.06833402687664,Fruits & Vegetables
2024-12-30,236.65773575725407,Fruits & Vegetables
2024-12-31,257.31811411834053,Fruits & Vegetables
2025-01-04,226.74952477045858,Fruits & Vegetables
2025-01-05,249.6884891620921,Fruits & Vegetables
2025-01-06,235.48247719714774,Fruits & Vegetables
2025-01-07,256.142855557977,Fruits & Vegetables
2025-01-08,242.97056198123983,Fruits & Vegetables
2025-01-09,210.33265209242143,Fruits & Vegetables
2025-01-10,244.71781690638326,Fruits & Vegetables
2025-01-11,225.57426621022105,Fruits & Vegetables
2025-01-12,248.5132306018476,Fruits & Vegetables
2025-01-13,234.3072186368587,Fruits & Vegetables
2025-01-14,254.9675969978302,Fruits & Vegetables
2025-01-15,241.7953034210155,Fruits & Vegetables
2025-01-16,209.15739353225018,Fruits & Vegetables
2025-01-17,243.54255834621316,Fruits & Vegetables
2025-01-19,247.33797204160305,Fruits & Vegetables
2025-01-20,233.13196007659923,Fruits & Vegetables
2025-01-21,253.7923384376834,Fruits & Vegetables
2025-01-22,240.62004486068722,Fruits & Vegetables
2025-01-26,246.16271348135857,Fruits & Vegetables
2025-01-28,252.61707987731987,Fruits & Vegetables
2025-01-29,239.44478630056676,Fruits & Vegetables
2025-01-31,241.19204122568874,Fruits & Vegetables
2025-02-03,230.78144295611247,Fruits & Vegetables
2025-02-04,251.44182131717747,Fruits & Vegetables
2025-02-06,205.63161785149958,Fruits & Vegetables
2025-02-07,240.01678266544207,Fruits & Vegetables
2025-02-09,243.81219636086948,Fruits & Vegetables
2025-02-10,229.6061843959148,Fruits & Vegetables
2025-02-12,237.094269180115,Fruits & Vegetables
2025-02-13,204.45635929132834,Fruits & Vegetables
2025-02-14,238.84152410523367,Fruits & Vegetables
2025-02-17,228.43092583571712,Fruits & Vegetables
2025-02-19,235.91901061978666,Fruits & Vegetables
2025-02-20,203.28110073099924,Fruits & Vegetables
2025-02-21,237.6662655449942,Fruits & Vegetables
2025-02-24,227.25566727542807,Fruits & Vegetables
2025-02-25,247.91604563641198,Fruits & Vegetables
2025-02-26,234.7437520594584,Fruits & Vegetables
2025-02-27,202.10584217084184,Fruits & Vegetables
2025-02-28,236.49100698478577,Fruits & Vegetables
2025-03-01,217.34745628861884,Fruits & Vegetables
2025-03-02,240.2864206802595,Fruits & Vegetables
2025-03-03,226.08040871525998,Fruits & Vegetables
2025-03-04,246.74078707616113,Fruits & Vegetables
2025-03-05,233.56849349933793,Fruits & Vegetables
2025-03-06,200.93058361059164,Fruits & Vegetables
2025-03-07,235.31574842453912,Fruits & Vegetables
2025-03-08,216.17219772839124,Fruits & Vegetables
2025-03-09,239.11116212007119,Fruits & Vegetables
2025-03-10,224.90515015497087,Fruits & Vegetables
2025-03-11,245.56552851590598,Fruits & Vegetables
2025-03-12,232.39323493900966,Fruits & Vegetables
2025-03-13,199.75532505042037,Fruits & Vegetables
2025-03-14,234.14048986433073,Fruits & Vegetables
2025-03-15,214.99693916816446,Fruits & Vegetables
2025-03-16,237.93590355977045,Fruits & Vegetables
2025-03-17,223.72989159486457,Fruits & Vegetables
2025-03-18,244.39026995575918,Fruits & Vegetables
2025-03-19,231.21797637878532,Fruits & Vegetables
2025-03-20,198.58006649010517,Fruits & Vegetables
2025-03-21,232.9652313040841,Fruits & Vegetables
2025-03-22,213.8216806079369,Fruits & Vegetables
2025-03-23,236.76064499958215,Fruits & Vegetables
2025-03-24,222.55463303457555,Fruits & Vegetables
2025-03-25,243.21501139550404,Fruits & Vegetables
2025-03-26,230.04271781866183,Fruits & Vegetables
2024-02-29,215.3752059900116,Grains & Pulses
2024-03-02,252.5495619031331,Grains & Pulses
2024-03-06,196.2976020648609,Grains & Pulses
2024-03-10,212.56038701644752,Grains & Pulses
2024-03-15,277.395270270069,Grains & Pulses
2024-03-18,182.13150536158568,Grains & Pulses
2024-03-19,196.61834277341262,Grains & Pulses
2024-03-24,212.14634029778446,Grains & Pulses
2024-03-25,181.92448193835185,Grains & Pulses
2024-03-26,196.41131931767728,Grains & Pulses
2024-03-31,211.9393166793211,Grains & Pulses
2024-04-03,195.46950830918314,Grains & Pulses
2024-04-06,251.5144447290801,Grains & Pulses
2024-04-07,211.73229302978666,Grains & Pulses
2024-04-11,214.13306528869714,Grains & Pulses
2024-04-18,213.92604164818457,Grains & Pulses
2024-04-23,195.5832247390467,Grains & Pulses
2024-04-26,276.1531287121972,Grains & Pulses
2024-04-29,180.88936370367873,Grains & Pulses
2024-05-01,194.6414137238497,Grains & Pulses
2024-05-02,213.5119943458487,Grains & Pulses
2024-05-05,210.90419847054565,Grains & Pulses
2024-05-06,180.68234008803034,Grains & Pulses
2024-05-07,195.1691774768372,Grains & Pulses
2024-05-08,194.43439012892298,Grains & Pulses
2024-05-18,250.27230282886416,Grains & Pulses
2024-05-28,194.54810639564468,Grains & Pulses
2024-05-31,275.11801035075894,Grains & Pulses
2024-06-02,210.0761037228967,Grains & Pulses
2024-06-05,193.60629530719706,Grains & Pulses
2024-06-06,212.47687591481923,Grains & Pulses
2024-06-12,193.39927154982158,Grains & Pulses
2024-06-22,249.23718416648597,Grains & Pulses
2024-06-25,193.72001138950264,Grains & Pulses
2024-06-29,249.0301603668063,Grains & Pulses
2024-07-03,192.77820021089823,Grains & Pulses
2024-07-04,211.64878081247014,Grains & Pulses
2024-07-05,274.082891502302,Grains & Pulses
2024-07-07,209.04098484707228,Grains & Pulses
2024-07-08,178.81912643447777,Grains & Pulses
2024-07-11,211.44175701733616,Grains & Pulses
2024-07-12,273.8758676985927,Grains & Pulses
2024-07-14,208.83396102623882,Grains & Pulses
2024-07-17,192.36415256861633,Grains & Pulses
2024-07-19,273.66884384360384,Grains & Pulses
2024-07-22,178.40507876884521,Grains & Pulses
2024-07-23,192.89191612523882,Grains & Pulses
2024-07-24,192.1571287449677,Grains & Pulses
2024-07-28,208.4199133725538,Grains & Pulses
2024-07-30,192.6848923162531,Grains & Pulses
2024-08-03,247.99504129147795,Grains & Pulses
2024-08-08,210.61366173464762,Grains & Pulses
2024-08-11,208.00586573966677,Grains & Pulses
2024-08-14,191.536057278299,Grains & Pulses
2024-08-16,272.84074855066046,Grains & Pulses
2024-08-17,247.5809936069192,Grains & Pulses
2024-08-18,207.7988418748629,Grains & Pulses
2024-08-20,192.06382079923154,Grains & Pulses
2024-08-23,272.63372468061135,Grains & Pulses
2024-08-24,247.37396973575034,Grains & Pulses
2024-08-25,207.59181800278373,Grains & Pulses
2024-08-26,177.36995957840767,Grains & Pulses
2024-08-27,191.85679692528348,Grains & Pulses
2024-08-28,191.12200953546636,Grains & Pulses
2024-08-30,272.4267008026528,Grains & Pulses
2024-09-05,209.7855662433186,Grains & Pulses
2024-09-06,272.2196769205606,Grains & Pulses
2024-09-15,206.97074635843506,Grains & Pulses
2024-09-18,190.50093793938214,Grains & Pulses
2024-09-19,209.37151854592062,Grains & Pulses
2024-09-21,246.5458743103094,Grains & Pulses
2024-09-22,206.7637225934039,Grains & Pulses
2024-09-23,176.54186418506745,Grains & Pulses
2024-09-29,206.5566988282384,Grains & Pulses
2024-10-01,190.82167778296295,Grains & Pulses
2024-10-03,208.9574710157683,Grains & Pulses
2024-10-04,271.3915816897396,Grains & Pulses
2024-10-05,246.13182674000697,Grains & Pulses
2024-10-08,190.61465391784517,Grains & Pulses
2024-10-09,189.87986652412195,Grains & Pulses
2024-10-10,208.75044710680973,Grains & Pulses
2024-10-14,175.92079265029724,Grains & Pulses
2024-10-18,270.977533844618,Grains & Pulses
2024-10-19,245.71777889107338,Grains & Pulses
2024-10-21,175.71376870837386,Grains & Pulses
2024-10-22,190.20060604263773,Grains & Pulses
2024-10-25,270.7705098834177,Grains & Pulses
2024-10-26,245.51075492501366,Grains & Pulses
2024-10-27,205.7279329423386,Grains & Pulses
2024-10-29,189.99157136545364,Grains & Pulses
2024-11-04,175.29368864286047,Grains & Pulses
2024-11-06,189.04439810065594,Grains & Pulses
2024-11-07,207.91430838013486,Grains & Pulses
2024-11-16,244.87560743612966,Grains & Pulses
2024-11-23,244.66389138173452,Grains & Pulses
2024-11-25,174.65854060235625,Grains & Pulses
2024-11-26,189.1445074051381,Grains & Pulses
2024-11-29,269.7117996515369,Grains & Pulses
2024-12-03,188.93138971882726,Grains & Pulses
2024-12-06,269.4986819652431,Grains & Pulses
2024-12-08,204.45503417559559,Grains & Pulses
2024-12-10,188.71827198712674,Grains & Pulses
2024-12-18,187.76949627619047,Grains & Pulses
2024-12-26,206.42608854552105,Grains & Pulses
2024-12-27,268.85932866800863,Grains & Pulses
2024-12-29,203.81568087843692,Grains & Pulses
2024-12-31,188.0789186900075,Grains & Pulses
2025-01-04,243.385585401112,Grains & Pulses
2025-01-05,203.60256311269518,Grains & Pulses
2025-01-06,173.37983413281182,Grains & Pulses
2025-01-08,187.13014297902967,Grains & Pulses
2025-01-09,205.99985301395475,Grains & Pulses
2025-01-14,187.65268315852197,Grains & Pulses
2025-01-21,187.4395653928387,Grains & Pulses
2025-01-22,186.70390744754187,Grains & Pulses
2025-01-23,205.57361748259024,Grains & Pulses
2025-01-29,186.49078968188454,Grains & Pulses
2025-02-01,242.53311433824328,Grains & Pulses
2025-02-05,186.27767191609618,Grains & Pulses
2025-02-07,267.5806220735969,Grains & Pulses
2025-02-13,204.93426418552116,Grains & Pulses
2025-02-16,202.32385651828156,Grains & Pulses
2025-02-19,185.85143638460832,Grains & Pulses
2025-02-22,241.893761040946,Grains & Pulses
2025-02-23,202.11073875251012,Grains & Pulses
2025-02-24,171.88800977263114,Grains & Pulses
2025-02-25,186.3739765641149,Grains & Pulses
2025-02-26,185.63831861883554,Grains & Pulses
2025-02-27,204.50802865391034,Grains & Pulses
2025-02-28,266.9412687763849,Grains & Pulses
2025-03-01,241.68064327517754,Grains & Pulses
2025-03-02,201.89762098676837,Grains & Pulses
2025-03-03,171.67489200694237,Grains & Pulses
2025-03-04,186.16085879836226,Grains & Pulses
2025-03-05,185.42520085317818,Grains & Pulses
2025-03-06,204.2949108882058,Grains & Pulses
2025-03-07,266.72815101065913,Grains & Pulses
2025-03-08,241.46752550941306,Grains & Pulses
2025-03-09,201.6845032210266,Grains & Pulses
2025-03-10,171.4617742411772,Grains & Pulses
2025-03-11,185.9477410326195,Grains & Pulses
2025-03-12,185.21208308740543,Grains & Pulses
2025-03-13,204.08179312254578,Grains & Pulses
2025-03-14,266.5150332449558,Grains & Pulses
2025-03-15,241.25440774383765,Grains & Pulses
2025-03-16,201.4713854552255,Grains & Pulses
2025-03-17,171.2486564755111,Grains & Pulses
2025-03-18,185.7346232669362,Grains & Pulses
2025-03-19,184.99896532169038,Grains & Pulses
2025-03-20,203.86867535659505,Grains & Pulses
2025-03-21,266.3019154792301,Grains & Pulses
2025-03-22,241.04128997807322,Grains & Pulses
2025-03-23,201.25826768948374,Grains & Pulses
2025-03-24,171.03553870974594,Grains & Pulses
2025-03-25,185.52150550119345,Grains & Pulses
2024-02-26,175.74137385757086,Oils & Fats
2024-03-03,239.4998156063587,Oils & Fats
2024-03-16,214.04489412882398,Oils & Fats
2024-03-18,174.00865452036803,Oils & Fats
2024-03-26,202.69681052161656,Oils & Fats
2024-04-01,172.85350829570476,Oils & Fats
2024-04-10,249.6125166616452,Oils & Fats
2024-04-14,236.03437693286048,Oils & Fats
2024-04-17,249.03494354929512,Oils & Fats
2024-04-18,188.71670261999034,Oils & Fats
2024-04-27,210.57945545462346,Oils & Fats
2024-04-29,170.54321584605808,Oils & Fats
2024-05-04,210.0018823415236,Oils & Fats
2024-05-05,234.30165759411838,Oils & Fats
2024-05-07,199.23137184614305,Oils & Fats
2024-05-11,209.42430922834035,Oils & Fats
2024-05-13,169.3880696196476,Oils & Fats
2024-05-27,168.23292339205145,Oils & Fats
2024-06-03,167.65535027815008,Oils & Fats
2024-06-04,196.9210793913714,Oils & Fats
2024-06-11,196.34350627725803,Oils & Fats
2024-06-12,244.41435864129684,Oils & Fats
2024-06-16,230.83621891087634,Oils & Fats
2024-06-20,183.51854459692842,Oils & Fats
2024-06-22,205.9588705437195,Oils & Fats
2024-06-23,230.25864579603189,Oils & Fats
2024-06-29,205.38129742809804,Oils & Fats
2024-06-30,229.68107268039486,Oils & Fats
2024-07-01,165.34505781861347,Oils & Fats
2024-07-06,204.8037243124918,Oils & Fats
2024-07-08,164.76748470328548,Oils & Fats
2024-07-25,180.63067902025549,Oils & Fats
2024-07-30,192.30049446992746,Oils & Fats
2024-07-31,240.3713468339214,Oils & Fats
2024-08-02,202.41891163038142,Oils & Fats
2024-08-11,226.21563398683313,Oils & Fats
2024-08-13,191.14534823774835,Oils & Fats
2024-08-16,201.26376539790564,Oils & Fats
2024-08-17,201.3382856180849,Oils & Fats
2024-08-22,178.320386555482,Oils & Fats
2024-08-29,177.74281343909638,Oils & Fats
2024-09-02,160.1468997755076,Oils & Fats
2024-09-13,198.95347293158315,Oils & Fats
2024-09-23,158.41418042444602,Oils & Fats
2024-09-26,175.43252097084903,Oils & Fats
2024-10-04,197.220753579287,Oils & Fats
2024-10-06,221.595049051302,Oils & Fats
2024-10-11,196.6431804614291,Oils & Fats
2024-10-17,173.699801617504,Oils & Fats
2024-10-22,185.3696170662666,Oils & Fats
2024-10-24,173.122228499881,Oils & Fats
2024-10-29,184.79204394870038,Oils & Fats
2024-10-30,232.86289631243721,Oils & Fats
2024-10-31,172.54465538228447,Oils & Fats
2024-11-05,184.21447083024458,Oils & Fats
2024-11-08,194.33288798956113,Oils & Fats
2024-11-23,193.2522619730409,Oils & Fats
2024-11-26,182.48175147550833,Oils & Fats
2024-12-02,152.63844924484127,Oils & Fats
2024-12-09,152.06087612651294,Oils & Fats
2024-12-11,229.39745760265498,Oils & Fats
2024-12-12,169.07921667264776,Oils & Fats
2024-12-22,215.24174475209279,Oils & Fats
2025-01-13,149.17301053542388,Oils & Fats
2025-01-14,178.4387396481617,Oils & Fats
2025-01-21,177.86116653010427,Oils & Fats
2025-01-25,188.0541039091151,Oils & Fats
2025-01-28,177.28359341175494,Oils & Fats
2025-01-30,165.03620484516642,Oils & Fats
2025-02-18,175.5508740570758,Oils & Fats
2025-02-23,210.04358668827285,Oils & Fats
2025-02-24,145.70757182607505,Oils & Fats
2025-02-25,174.97330093887246,Oils & Fats
2025-02-26,223.0441533022921,Oils & Fats
2025-02-27,162.7259123723865,Oils & Fats
2025-02-28,185.0917180982163,Oils & Fats
2025-03-01,185.16623831814118,Oils & Fats
2025-03-02,209.46601357010962,Oils & Fats
2025-03-03,145.12999870809156,Oils & Fats
2025-03-04,174.39572782045406,Oils & Fats
2025-03-05,222.46658018423597,Oils & Fats
2025-03-06,162.1483392541263,Oils & Fats
2025-03-07,184.51414498001122,Oils & Fats
2025-03-08,184.5886651999654,Oils & Fats
2025-03-09,208.88844045194634,Oils & Fats
2025-03-10,144.55242558976326,Oils & Fats
2025-03-11,173.8181547022507,Oils & Fats
2025-03-12,221.88900706593012,Oils & Fats
2025-03-13,161.57076613594523,Oils & Fats
2025-03-14,183.93657186182364,Oils & Fats
2025-03-15,184.01109208166523,Oils & Fats
2025-03-16,208.31086733357714,Oils & Fats
2025-03-17,143.97485247171122,Oils & Fats
2025-03-18,173.24058158419325,Oils & Fats
2025-03-19,221.31143394774915,Oils & Fats
2025-03-20,160.9931930177876,Oils & Fats
2025-03-21,183.35899874361857,Oils & Fats
2025-03-22,183.43351896348943,Oils & Fats
2025-03-23,207.73329421541388,Oils & Fats
2025-03-24,143.39727935338288,Oils & Fats
2025-03-25,172.66300846598992,Oils & Fats
2024-03-06,128.84448416551032,Seafood
2024-03-14,154.80004882370898,Seafood
2024-03-25,217.403222349457,Seafood
2024-03-28,157.86534203319627,Seafood
2024-03-30,189.28839070714673,Seafood
2024-04-05,275.4815588618064,Seafood
2024-04-10,136.50771716248315,Seafood
2024-04-17,138.0403637463936,Seafood
2024-04-22,223.5338087103548,Seafood
2024-04-30,156.11587159844265,Seafood
2024-05-02,165.52857500423687,Seafood
2024-05-03,281.61214524634244,Seafood
2024-05-10,283.1447918676839,Seafood
2024-05-11,198.48427031111424,Seafood
2024-05-12,209.31669296718434,Seafood
2024-05-20,229.66439518297906,Seafood
2024-05-23,170.12651488173753,Seafood
2024-05-27,231.19704180927778,Seafood
2024-05-28,162.2464580955035,Seafood
2024-05-29,147.23624345452288,Seafood
2024-06-01,203.08221019242652,Seafood
2024-06-03,232.72968843676765,Seafood
2024-06-09,215.44727947642303,Seafood
2024-06-18,166.84439799768518,Seafood
2024-06-21,292.34067165891594,Seafood
2024-06-22,207.68015010452282,Seafood
2024-06-23,218.5125727633086,Seafood
2024-06-27,177.7897480834726,Seafood
2024-07-04,179.32239476423706,Seafood
2024-07-06,210.74544346392634,Seafood
2024-07-14,223.11051281086492,Seafood
2024-07-20,213.81073683329134,Seafood
2024-07-22,243.45821509534102,Seafood
2024-07-26,300.0039050747629,Seafood
2024-08-08,186.9856282068036,Seafood
2024-08-09,303.0691984635994,Seafood
2024-08-12,248.05615519070344,Seafood
2024-08-17,219.94132364138397,Seafood
2024-08-18,230.77374630892416,Seafood
2024-08-22,190.05092164399403,Seafood
2024-08-25,232.30639301675032,Seafood
2024-08-29,191.5835683517349,Seafood
2024-09-02,252.65409597098963,Seafood
2024-09-05,193.1162161892297,Seafood
2024-09-11,170.22594579809908,Seafood
2024-09-15,236.9043358783492,Seafood
2024-09-16,255.71939164069354,Seafood
2024-09-19,196.18171333756362,Seafood
2024-09-21,227.60489668700302,Seafood
2024-09-24,188.3019932240222,Seafood
2024-09-26,197.71483130734632,Seafood
2024-09-27,313.79846888415733,Seafood
2024-10-13,243.03674057252033,Seafood
2024-10-20,244.56985853534266,Seafood
2024-10-22,194.43446507533866,Seafood
2024-10-23,179.4243177667975,Seafood
2024-10-24,203.84730315237803,Seafood
2024-10-27,246.10297648807105,Seafood
2024-11-05,197.50070098601486,Seafood
2024-11-17,250.70233036408902,Seafood
2024-11-21,209.97977498678404,Seafood
2024-12-18,191.6892615479814,Seafood
2024-12-19,216.11224693792363,Seafood
2024-12-21,247.53543029649236,Seafood
2024-12-24,208.23252683888256,Seafood
2024-12-26,217.64536492577898,Seafood
2024-12-31,209.76564482675383,Seafood
2025-01-02,219.1784829136817,Seafood
2025-01-08,196.28861551145457,Seafood
2025-01-14,212.8318808021694,Seafood
2025-01-21,214.36499879004063,Seafood
2025-01-26,266.0335102266972,Seafood
2025-02-01,256.7341382235882,Seafood
2025-02-14,344.46082842066255,Seafood
2025-02-17,289.4479871171156,Seafood
2025-02-19,205.48732343823735,Seafood
2025-02-24,290.9811051047733,Seafood
2025-02-25,222.0305887289235,Seafood
2025-02-26,207.02044142597254,Seafood
2025-02-27,231.44342681591348,Seafood
2025-02-28,347.5270643961795,Seafood
2025-03-01,262.86661017451087,Seafood
2025-03-02,273.6991001658808,Seafood
2025-03-03,292.51422309282606,Seafood
2025-03-04,223.56370671697522,Seafood
2025-03-05,208.55355941391554,Seafood
2025-03-06,232.97654480379248,Seafood
2025-03-07,349.0601823840368,Seafood
2025-03-08,264.39972816230846,Seafood
2025-03-09,275.23221815384505,Seafood
2025-03-10,294.0473410804837,Seafood
2025-03-11,225.09682470468297,Seafood
2025-03-12,210.0866774016508,Seafood
2025-03-13,234.50966279169526,Seafood
2025-03-14,350.5933003718328,Seafood
2025-03-15,265.93284615032815,Seafood
2025-03-16,276.76533614144904,Seafood
2025-03-17,295.58045906852277,Seafood
2025-03-18,226.6299426925543,Seafood
2025-03-19,211.61979538948995,Seafood
2025-03-20,236.0427807791266,Seafood
2025-03-21,352.1264183596901,Seafood
2025-03-22,267.4659641381258,Seafood
2025-03-23,278.2984541294133,Seafood
2025-03-24,297.1135770561805,Seafood
2025-03-25,228.1630606802621,Seafood
2025-03-26,213.1529133772849,Seafood
